country,code,region,year,life_expectancy,gdp_per_capita,population
Samoa,WSM,Oceania,2010,71.45,6428.0,"193,035"
Cote d'Ivoire,CIV,Africa,2015,58.28,5111.0,"25,246,347"
Cote d'Ivoire,CIV,Africa,2020,60.14,5788.0,"28,915,452"
Mozambique,MOZ,Africa,2020,61.39,1466.0,"30,783,685"
Mayotte,MYT,Africa,2010,78.25,,"207,439"
Faroe Islands,FRO,Europe,2020,79.98,66038.0,"52,615"
Mexico,MEX,North America,2015,74.43,21409.0,"121,072,310"
North Macedonia,MKD,Europe,2010,75.04,16731.0,"2,051,510"
Namibia,NAM,Africa,2010,56.09,10615.0,"2,109,815"
Iraq,IRQ,Asia,2010,68.09,11817.0,"31,045,367"
Hong Kong,HKG,Asia,2010,82.86,56355.0,"7,101,614"
Saint Lucia,LCA,North America,2015,72.93,20940.0,"174,919"
Luxembourg,LUX,Europe,2020,81.41,129866.0,"630,597"
Democratic Republic of Congo,COD,Africa,2015,58.66,1433.0,"81,035,532"
Netherlands,NLD,Europe,2010,80.83,61519.0,"16,771,232"
Saint Kitts and Nevis,KNA,North America,2020,71.18,26737.0,"46,896"
Montserrat,MSR,North America,2020,75.57,..,"4,532"
Latvia,LVA,Europe,2020,75.48,34226.0,"1,901,119"
South Sudan,SSD,Africa,2010,57.48,,"9,745,955"
Bermuda,BMU,North America,2010,79.41,105973.0,"63,748"
Zimbabwe,ZWE,Africa,2020,61.53,n/a,"15,526,887"
United Arab Emirates,ARE,Asia,2010,81.89,70914.0,"6,938,372"
Isle of Man,IMN,Europe,2015,80.27,..,"83,612"
Honduras,HND,North America,2015,71.32,5813.0,"9,237,306"
North Korea,PRK,Asia,2020,72.78,,"26,136,312"
Eritrea,ERI,Africa,2010,63.67,,"2,945,184"
French Guiana,GUF,South America,2020,77.51,,"289,063"
Japan,JPN,Asia,2010,82.92,41647.0,"128,185,273"
Antigua and Barbuda,ATG,North America,2010,76.7,25827.0,"85,337"
Congo,COG,Africa,2015,63.66,8978.0,"5,097,583"
Nepal,NPL,Asia,2010,66.77,3085.0,"27,341,955"
Zambia,ZMB,Africa,2015,60.73,3577.0,"16,399,092"
Estonia,EST,Europe,2010,75.88,30068.0,"1,331,450"
Kazakhstan,KAZ,Asia,2010,68.26,26375.0,"16,836,808"
Haiti,HTI,North America,2010,45.58,3177.0,"9,803,299"
Dominican Republic,DOM,North America,2020,72.64,19545.0,"11,008,298"
Tanzania,TZA,Africa,2020,66.77,3450.0,"60,972,803"
Estonia,EST,Europe,2020,78.89,40917.0,"1,329,675"
Bahamas,BHS,North America,2015,73.8,32778.0,"385,355"
Moldova,MDA,Europe,2015,70.12,11691.0,"3,287,168"
Montserrat,MSR,North America,2010,74.68,,"4,819"
Lesotho,LSO,Africa,2020,55.13,2517.0,"2,235,727"
Libya,LBY,Africa,2015,71.64,12195.0,"6,531,825"
Serbia,SRB,Europe,2010,74.38,17841.0,"7,395,872"
Slovenia,SVN,Europe,2010,79.3,38063.0,"2,044,611"
Burkina Faso,BFA,Africa,2010,56.34,1874.0,"16,176,503"
Kiribati,KIR,OCEANIA,2015,65.83,2616.0,"116,826"
Latvia,LVA,Europe,2010,73.03,24120.0,"2,097,834"
Jamaica,JAM,North America,2020,71.45,9892.0,"2,830,745"
Benin,BEN,Africa,2020,60.15,3318.0,"13,070,169"
Burundi,BDI,Africa,2010,-1.0,988.0,"9,376,448"
Italy,ITA,Europe,2015,82.52,47312.0,"60,575,314"
Oman,OMN,Asia,2015,79.35,39814.0,"4,184,898"
Madagascar,MDG,Africa,2015,63.36,1628.0,"25,426,703"
Mauritania,MRT,Africa,2010,65.66,5606.0,"3,390,968"
Singapore,SGP,Asia,2015,82.75,109894.0,"5,525,343"
French Guiana,GUF,South America,2010,75.85,,"234,578"
Cape Verde,CPV,Africa,2010,72.51,7072.0,"509,793"
Lithuania,LTU,Europe,2015,74.47,35265.0,"2,905,771"
American Samoa,ASM,Oceania,2015,72.65,,"52,896"
South Korea,KOR,Asia,2020,83.68,49374.0,"51,858,481"
New Caledonia,NCL,Oceania,2015,77.21,,"283,179"
Palestine,PSE,Asia,2015,74.58,6073.0,"4,521,564"
Sweden,SWE,Europe,2010,81.52,55520.0,"9,378,234"
Canada,CAN,North America,2020,81.65,54093.0,"38,171,903"
Iceland,ISL,Europe,2020,82.71,60617.0,"366,626"
Guyana,GUY,South America,2015,67.72,12040.0,"758,783"
Namibia,NAM,Africa,2020,64.07,9652.0,"2,728,760"
Mexico,MEX,North America,2010,73.72,20058.0,"113,623,898"
Jordan,JOR,Asia,2020,75.58,9872.0,"10,865,232"
Portugal,PRT,Europe,2015,81.32,n/a,"10,370,264"
Qatar,QAT,Asia,2015,81.78,123071.0,"2,427,340"
Congo,COG,Africa,2010,61.73,8584.0,"4,462,304"
Congo,COG,Africa,2020,64.39,6351.0,"5,752,792"
Uruguay,URY,South America,2010,76.69,24880.0,"3,318,581"
Peru,PER,South America,2020,73.83,13608.0,"32,838,577"
Sierra Leone,SLE,Africa,2020,59.69,2753.0,"7,912,557"
Portugal,PRT,europe,2020,81.37,36852.0,"10,370,519"
Yemen,YEM,Asia,2015,66.76,,"31,159,378"
Paraguay,PRY,South America,2015,73.45,14426.0,"6,159,106"
Bahamas,BHS,North America,2010,73.45,32711.0,"367,482"
Taiwan,TWN,Asia,2015,79.88,,"23,529,260"
Paraguay,PRY,South America,2020,72.72,14990.0,"6,603,741"
Malawi,MWI,Africa,2015,62.32,1598.0,"17,085,587"
Eswatini,SWZ,Africa,2015,54.94,9187.0,"1,142,822"
South Sudan,SSD,Africa,2015,39.76,,"11,107,569"
Aruba,ABW,North America,2015,75.41,36753.0,"104,200"
Bermuda,BMU,North America ,2015,80.34,93864.0,"63,482"
Burundi,BDI,Africa,2015,60.11,992.0,"11,047,581"
Mayotte,MYT,Africa,2020,74.21,,"284,381"
Albania,ALB,Europe,2010,78.41,11829.0,"2,928,731"
Gibraltar,GIB,Europe,2010,82.08,,"31,271"
Spain,ESP,Europe,2010,82.01,42696.0,"46,840,469"
Bosnia and Herzegovina,BIH,Europe,2015,77.07,14220.0,"3,518,541"
Ghana,GHA,Africa,2010,61.3,4496.0,"25,475,000"
Maldives,MDV,Asia,2020,78.71,14243.0,"502,127"
Japan,JPN,Asia,2020,84.67,44213.0,"126,304,533"
Guernsey,GGY,Europe,2015,82.75,,"62,259"
Eswatini,SWZ,Africa,2010,48.33,8246.0,"1,111,651"
Yemen,YEM,Asia,2010,67.22,,"26,754,383"
Norway,NOR,Europe,2010,81.04,84605.0,"4,889,160"
New Zealand,NZL,Oceania,2020,82.66,46326.0,"5,069,895"
Belgium,BEL,Europe,2020,80.8,57334.0,"11,540,102"
South Africa,ZAF,Africa,2015,64.05,14542.0,"56,723,536"
Turks and Caicos Islands,TCA,North America,2020,77.5,19703.0,"44,405"
Bolivia,BOL,South America,2015,67.21,11145.0,"11,014,707"
Barbados,BRB,North America,2010,75.49,20465.0,"275,251"
Vatican,VAT,Europe,2015,82.46,,579
Marshall Islands,MHL,Oceania,2020,65.39,6418.0,"42,728"
Falkland Islands,FLK,South America,2020,78.78,,"3,537"
Poland,POL,Europe,2020,76.6,37853.0,"38,171,005"
Sudan,SDN,Africa,2020,65.12,3401.0,"46,789,237"
Macao,MAC,Asia,2020,84.61,59662.0,"683,069"
Malawi,MWI,Africa ,2020,65.22,1656.0,"19,533,885"
Jamaica,JAM,North America,2010,71.98,9806.0,"2,748,573"
Guinea-Bissau,GNB,Africa,2015,60.07,2231.0,"1,786,461"
Liberia,LBR,Africa,2015,59.25,1714.0,"4,659,436"
Brazil,BRA,South America,2015,75.11,18357.0,"201,675,534"
Hong Kong,HKG,Asia,2015,84.15,62780.0,"7,366,411"
Equatorial Guinea,GNQ,Africa,2015,60.63,27798.0,"1,453,925"
Russia,RUS,Europe,2015,71.34,35037.0,"145,307,612"
Finland,FIN,Europe,2010,80.01,54018.0,"5,363,347"
Thailand,THA,Asia,2015,76.56,18814.0,"70,540,787"
Uganda,UGA,Africa,2015,63.83,2520.0,"37,531,444"
Wallis and Futuna,WLF,Oceania,2010,76.81,,"13,189"
Tajikistan,TJK,asia,2020,68.61,3725.0,"9,749,312"
Fiji,FJI,Oceania,2020,66.92,10812.0,"914,971"
Cayman Islands,CYM,NORTH AMERICA,2015,78.12,73315.0,"61,665"
Western Sahara,ESH,Africa,2020,70.61,,"549,374"
Nepal,NPL,Asia,2015,67.37,3745.0,"27,823,631"
Malta,MLT,Europe,2015,82.59,46172.0,"444,978"
Liechtenstein,LIE,Europe,2015,82.76,,"37,424"
Sint Maarten (Dutch part),SXM,North America,2015,75.9,51376.0,"37,490"
Liberia,LBR,Africa,2020,61.27,1497.0,"5,149,470"
Azerbaijan,AZE,Asia,2010,70.31,19925.0,"9,146,852"
Afghanistan,AFG,Asia,2020,61.45,2770.0,"39,068,977"
Italy,ITA,Europe,2010,82.13,49302.0,"60,164,212"
China,CHN,Asia,2020,78.02,19215.0,"1,426,106,093"
Bulgaria,BGR,Europe,2010,73.81,21724.0,"7,437,594"
Myanmar,MMR,Asia,2010,63.48,3894.0,"49,024,376"
Saint Kitts and Nevis,KNA,North America,2015,71.21,28730.0,"47,108"
Grenada,GRD,North America ,2020,75.02,14648.0,"116,353"
Cape Verde,CPV,Africa,2020,73.82,7208.0,"514,683"
Armenia,ARM,Asia,2020,68.89,15053.0,"2,890,893"
Costa Rica,CRI,North America,2015,80.41,21265.0,"4,818,045"
Eritrea,ERI,Africa,2015,65.91,,"3,105,554"
Costa Rica,CRI,North America,2020,79.73,22368.0,"5,034,323"
Antigua and Barbuda,ATG,North America,2015,76.89,25734.0,"89,421"
Azerbaijan,AZE,Asia,2020,70.31,19126.0,"10,181,736"
Turkmenistan,TKM,Asia,2020,68.85,15631.0,"6,949,915"
Jordan,JOR,Asia,2015,75.06,..,"9,544,730"
Mozambique,MOZ,Africa,2015,58.71,1513.0,"26,547,576"
Ireland,IRL,Europe,2010,80.6,59107.0,"4,559,084"
Cape Verde,CPV,Africa,2015,74.1,7560.0,"512,405"
Thailand,THA,Asia,2020,77.33,19950.0,"71,641,484"
East Timor,TLS,Asia,2015,65.33,4468.0,"1,205,133"
Gibraltar,GIB,Europe,2015,82.67,,"33,214"
Ecuador,ECU,South America,2020,72.0,12440.0,"17,546,058"
Montenegro,MNE,Europe,2010,75.71,19476.0,"632,088"
Togo,TGO,Africa,2010,57.23,2182.0,"6,325,791"
Algeria,DZA,Africa,2010,-1.0,14496.0,"36,188,237"
Reunion,REU,Africa,2015,81.91,,"865,016"
Germany,DEU,Europe,2015,80.57,59669.0,"82,077,546"
Bahamas,BHS,North America,2020,72.99,26453.0,"395,874"
North Korea,PRK,Asia,2010,70.25,,"24,987,257"
Kyrgyzstan,KGZ,Asia,2015,69.31,5600.0,"6,001,876"
France,FRA,Europe,2010,81.4,49130.0,"63,417,366"
French Guiana,GUF,South America,2015,76.63,,"266,377"
Iran,IRN,Asia,2010,74.39,15730.0,"77,420,851"
Bhutan,BTN,Asia,2015,70.8,12400.0,"740,623"
Curacao,CUW,North America,2015,76.48,30861.0,"166,621"
Ukraine,UKR,Europe,2010,70.19,16812.0,"46,455,997"
Denmark,DNK,Europe ,2010,79.25,59856.0,"5,547,865"
Saint Lucia,LCA,North America,2020,72.31,17248.0,"178,261"
East Timor,TLS,Asia ,2010,63.66,4047.0,"1,084,688"
Grenada,GRD,North America,2015,75.04,15137.0,"114,691"
Brunei,BRN,Asia,2020,75.11,80281.0,"447,411"
Seychelles,SYC,Africa,2010,72.48,21709.0,"94,993"
Libya,LBY,Africa,2020,72.39,9979.0,"7,045,403"
Lithuania,LTU,Europe,2020,75.1,43108.0,"2,795,766"
Egypt,EGY,Africa,2020,69.79,15309.0,"109,315,118"
Jersey,JEY,Europe,2010,80.54,,"97,121"
Mongolia,MNG,Asia,2020,70.03,14801.0,"3,290,786"
Qatar,QAT,Asia,2020,80.41,103062.0,"2,803,375"
Haiti,HTI,North America,2015,63.22,3402.0,"10,523,249"
Cuba,CUB,NORTH AMERICA,2010,77.88,n/a,"11,297,414"
Guernsey,GGY,Europe,2010,82.31,,"61,539"
Armenia,ARM,Asia,2010,72.94,10439.0,"2,931,083"
Switzerland,CHE,Europe,2010,82.29,76309.0,"7,825,750"
Afghanistan,AFG,Asia,2020,61.45,2770.0,"39,068,977"
Saint Barthelemy,BLM,North America,2020,84.07,,"10,566"
Saudi Arabia,SAU,Asia,2020,77.6,57421.0,"30,991,206"
Iceland,ISL,Europe,2015,82.16,61820.0,"330,962"
Japan,JPN,Asia,2015,83.88,44589.0,"127,275,868"
Iraq,IRQ,Asia,2020,69.65,12828.0,"42,116,602"
South Sudan,SSD,Africa,2020,57.65,,"10,698,471"
Saint Barthelemy,BLM,North America,2010,81.88,,"8,989"
Papua New Guinea,PNG,Oceania,2010,63.06,3580.0,"7,633,524"
Micronesia (country),FSM,Oceania,2020,65.88,3861.0,"110,930"
Sao Tome and Principe,STP,Africa,2020,67.98,5743.0,"217,450"
Benin,BEN,Africa,2010,58.39,2734.0,"9,797,488"
United Kingdom,GBR,Europe,2020,80.39,47931.0,"67,351,860"
Ireland,IRL,Europe,2015,81.53,80816.0,"4,702,497"
Belize,BLZ,North America,2010,70.88,11914.0,"320,256"
Indonesia,IDN,Asia,2015,69.52,10894.0,"261,799,249"
Cote d'Ivoire,CIV,Africa,2010,55.28,4339.0,"22,488,068"
Namibia,NAM,Africa,2015,60.01,12167.0,"2,374,305"
Angola,AGO,Africa,2020,63.12,8905.0,"33,451,139"
Kazakhstan,KAZ,Asia,2020,71.2,32012.0,"19,482,116"
Kuwait,KWT,Asia,2010,77.5,62956.0,"2,943,374"
Greenland,GRL,North America,2020,70.16,68534.0,"56,105"
Canada,CAN,North America,2010,81.34,52558.0,"34,196,900"
Andorra,AND,Europe,2010,84.2,58285.0,"80,727"
Spain,ESP,Europe,2015,82.61,43054.0,"46,683,683"
Chile,CHL,South America,2020,79.35,26258.0,"19,370,621"
Northern Mariana Islands,MNP,Oceania,2010,77.8,,"54,110"
Syria,SYR,Asia,2020,71.94,4811.0,"21,049,431"
Sao Tome and Principe,STP,Africa,2010,63.87,4882.0,"181,810"
Djibouti,DJI,Africa,2010,60.74,,"930,252"
Vanuatu,VUT,Oceania,2015,70.16,3826.0,"266,115"
Togo,TGO,Africa,2015,59.22,2588.0,"7,071,500"
Uzbekistan,UZB,Asia,2015,71.33,7792.0,"30,749,349"
Croatia,HRV,Europe,2015,77.63,29466.0,"4,183,732"
Afghanistan,AFG,Asia,2015,62.27,2968.0,"33,831,767"
Hungary,HUN,Europe,2020,75.73,36120.0,"9,749,459"
Botswana,BWA,Africa,2020,67.64,16289.0,"2,365,895"
United States Virgin Islands,VIR,North America,2015,74.31,42739.0,"100,251"
Tonga,TON,Oceania,2015,71.85,6195.0,"106,110"
Cambodia,KHM,Asia,2020,70.06,6129.0,"16,725,484"
Sudan,SDN,Africa,2010,62.98,n/a,"35,414,403"
Belgium,BEL,Europe,2010,80.04,56240.0,"10,936,619"
Samoa,WSM,Oceania,2015,71.06,6433.0,"201,794"
Moldova,MDA,Europe,2020,69.91,13559.0,"3,069,135"
Slovenia,SVN,Europe,2020,80.36,42472.0,"2,102,421"
Gabon,GAB,Africa,2020,67.07,18681.0,"2,322,538"
Guatemala,GTM,North America,2020,69.97,11097.0,"17,357,331"
Micronesia (country),FSM,Oceania ,2010,64.89,3780.0,"107,559"
Spain,ESP,Europe,2015,82.61,43054.0,"46,683,683"
Turkmenistan,TKM,Asia,2010,68.61,8759.0,"5,564,356"
Senegal,SEN,Africa,2020,67.5,4018.0,"16,789,217"
Saudi Arabia,SAU,Asia,2015,77.78,58499.0,"29,974,944"
Argentina,ARG,South America,2010,75.68,28056.0,"41,288,694"
Sint Maarten (Dutch part),SXM,North America,2010,74.82,52141.0,"33,814"
Solomon Islands,SLB,Oceania,2010,68.67,2683.0,"532,976"
Uganda,UGA,Africa,2010,59.96,2245.0,"32,390,801"
Colombia,COL,South America,2020,74.76,15862.0,"50,629,997"
Cambodia,KHM,Asia,2010,67.31,3712.0,"14,500,730"
Hong Kong,HKG,Asia,2020,84.71,61329.0,"7,490,240"
Antigua and Barbuda,ATG,North America,2020,77.16,23931.0,"91,864"
Puerto Rico,PRI,North America,2020,80.01,40171.0,"3,275,800"
Guernsey,GGY,Europe,2020,83.35,,"63,128"
Egypt,EGY,Africa,2010,69.08,13129.0,"89,196,073"
Australia,AUS,Oceania,2015,82.6,55880.0,"23,947,997"
Bahrain,BHR,Asia,2015,80.34,54150.0,"1,369,656"
British Virgin Islands,VGB,North America,2010,76.29,,"27,698"
Bangladesh,BGD,Asia,2010,68.01,4125.0,"152,201,978"
Hungary,HUN,Europe,2015,75.65,31486.0,"9,839,211"
Dominica,DMA,North America,2010,71.68,17517.0,"68,872"
Western Sahara,ESH,Africa,2015,69.28,,"486,232"
Ethiopia,ETH,Africa,2020,65.97,n/a,"118,917,670"
India,IND,Asia,2010,67.16,4914.0,"1,243,481,565"
Marshall Islands,MHL,Oceania,2010,64.5,4270.0,"52,064"
Bhutan,BTN,Asia,2020,72.25,12980.0,"770,013"
Tuvalu,TUV,Oceania,2020,66.36,5442.0,"10,423"
Marshall Islands,MHL,Oceania,2015,65.29,4671.0,"48,823"
Czechia,CZE,Europe,2010,77.57,39097.0,"10,464,035"
France,FRA,Europe,2020,82.2,49311.0,"65,905,273"
Sierra Leone,SLE,Africa,2015,55.45,2628.0,"7,037,660"
Venezuela,VEN,South America,2010,73.09,,"28,813,101"
Portugal,PRT,Europe,2010,80.11,36703.0,"10,578,659"
Luxembourg,LUX,Europe,2020,81.41,129866.0,"630,597"
American Samoa,ASM,Oceania,2020,72.67,,"49,779"
Lebanon,LBN,Asia,2010,77.53,17391.0,"5,041,290"
Syria,SYR,Asia,2010,73.54,9750.0,"22,482,417"
British Virgin Islands,VGB,North America,2015,76.56,,"34,523"
Seychelles,SYC,Africa,2015,72.29,27032.0,"107,247"
Uzbekistan,UZB,Asia,2010,69.84,5795.0,"28,385,509"
Tokelau,TKL,Oceania,2010,74.51,,"1,610"
Tuvalu,TUV,Oceania,2010,64.83,3664.0,"10,635"
Palestine,PSE,Asia,2010,73.3,5432.0,"4,016,918"
Mali,MLI,Africa,2020,58.86,2796.0,"21,713,837"
Mauritius,MUS,Africa,2010,73.65,18926.0,"1,282,710"
Niger,NER,Africa,2010,57.08,1344.0,"16,548,833"
Saint Pierre and Miquelon,SPM,North America,2015,76.48,,"5,971"
Belgium,BEL,Europe,2015,80.89,57509.0,"11,275,332"
Panama,PAN,North America,2010,76.42,22739.0,"3,628,537"
Norway,NOR,EUROPE,2015,82.27,87688.0,"5,189,777"
Croatia,HRV,Europe,2010,76.68,28702.0,"4,301,150"
Solomon Islands,SLB,Oceania,2020,69.26,2515.0,"744,505"
Belarus,BLR,Europe,2015,73.76,n/a,"9,487,289"
Guinea-Bissau,GNB,Africa,2010,57.0,2164.0,"1,566,352"
Romania,ROU,Europe,2015,74.74,29182.0,"19,871,018"
Chad,TCD,Africa,2015,51.32,2823.0,"14,647,626"
Greenland,GRL,north america,2010,68.45,61863.0,"56,634"
Mauritania,MRT,Africa,2020,66.79,5963.0,"4,600,136"
Tunisia,TUN,Africa,2010,74.44,12458.0,"10,765,984"
Curacao,CUW,North America,2020,76.5,23670.0,"185,029"
San Marino,SMR,Europe,2010,83.46,68669.0,"30,648"
Rwanda,RWA,Africa,2015,65.42,2313.0,"11,640,026"
Canada,CAN,North America,2015,81.91,55661.0,"35,962,236"
Cook Islands,COK,Oceania,2020,74.51,,"15,664"
Turkey,TUR,Asia,2020,76.53,28977.0,"86,091,691"
Romania,ROU,Europe,2010,73.58,24903.0,"20,432,575"
France,FRA,Europe,2015,82.15,50683.0,"64,916,337"
Philippines,PHL,Asia,2020,70.1,8455.0,"112,081,270"
Bosnia and Herzegovina,BIH,Europe,2010,76.83,12143.0,"3,811,480"
Andorra,AND,Europe,2015,84.53,62105.0,"72,195"
New Zealand,NZL,Oceania,2010,81.05,41395.0,"4,347,766"
India,IND,Asia,2015,69.33,6302.0,"1,328,024,494"
Kenya,KEN,Africa,2015,622.8,4680.0,"47,088,528"
Israel,ISR,Asia,2010,81.97,37686.0,"7,336,735"
Laos,LAO,Asia,2020,68.34,7996.0,"7,346,534"
Chile,CHL,South America,2010,79.1,24122.0,"17,181,463"
Ethiopia,ETH,Africa,2015,63.59,1957.0,"103,867,140"
Angola,AGO,Africa,2015,61.04,11390.0,"28,157,802"
Venezuela,VEN,South America,2015,73.0,,"30,573,968"
Saint Martin (French part),MAF,North America,2020,80.08,,"31,811"
Lebanon,LBN,Asia,2015,78.28,n/a,"6,472,470"
Nigeria,NGA,Africa,2015,51.94,8892.0,"190,671,883"
United States,USA,North America,2010,78.67,59797.0,"311,062,785"
Papua New Guinea,PNG,Oceania,2020,65.08,4078.0,"9,815,743"
Uganda,UGA,Africa,2020,66.41,2678.0,"44,457,148"
Cameroon,CMR,Africa,2015,59.69,4699.0,"22,763,418"
Lithuania,LTU,Europe,2010,73.2,26898.0,"3,097,721"
Denmark,DNK,Europe,2015,80.74,62059.0,"5,683,698"
Niue,NIU,Oceania,2020,69.47,,"1,822"
Indonesia,IDN,asia,2010,68.36,8848.0,"246,305,327"
Martinique,MTQ,North America,2010,81.14,,"397,389"
Bosnia and Herzegovina,BIH,Europe,2020,76.04,16747.0,"3,299,352"
Honduras,HND,North America,2010,69.77,5396.0,"8,365,881"
Martinique,MTQ,North America,2020,80.27,,"356,625"
Brunei,BRN,Asia,2010,74.82,88587.0,"392,340"
Jersey,JEY,Europe,2015,80.53,,"101,224"
China,CHN,Asia,2015,76.98,14857.0,"1,396,134,171"
Anguilla,AIA,North America,2010,77.21,,"13,372"
Chad,TCD,Africa,2010,50.11,2717.0,"12,312,580"
Democratic Republic of Congo,COD,Africa,2020,60.43,1361.0,"95,990,000"
Lebanon,LBN,Asia,2020,76.3,12507.0,"5,702,400"
Madagascar,MDG,Africa,2020,62.71,1546.0,"28,953,560"
Palau,PLW,oceania,2015,69.07,20104.0,"17,791"
Niue,NIU,Oceania,2010,67.65,,"1,786"
Western Sahara,ESH,Africa,2010,67.49,,"409,722"
Comoros,COM,Africa,2015,64.47,3371.0,"726,685"
Pakistan,PAK,Asia,2015,65.64,4645.0,"217,290,884"
Bolivia,BOL,South America,2020,62.91,10286.0,"11,816,301"
Burkina Faso,BFA,Africa,2020,60.45,2381.0,"21,478,691"
Cuba,CUB,North America,2020,77.41,,"11,176,349"
Saint Vincent and the Grenadines,VCT,North America,2020,69.61,15764.0,"103,540"
Isle of Man,IMN,Europe,2020,80.59,,"84,078"
Guadeloupe,GLP,North America,2010,80.12,,"408,815"
Palau,PLW,Oceania,2010,68.35,16313.0,"18,420"
Austria,AUT,Europe,2010,80.46,59730.0,"8,365,087"
Indonesia,IDN,Asia,2020,68.82,12389.0,"274,814,861"
Guyana,GUY,South America,2020,67.75,19234.0,"807,486"
Israel,ISR,Asia,2020,82.7,42927.0,"8,800,380"
Sao Tome and Principe,STP,Africa,2015,66.02,5210.0,"200,308"
Germany,DEU,Europe,2020,81.0,60300.0,"83,628,711"
Vanuatu,VUT,Oceania,2020,70.38,3672.0,"298,867"
Yemen,YEM,Asia,2015,66.76,,"31,159,378"
Brunei,BRN,Asia,2015,74.88,81910.0,"422,223"
Tuvalu,TUV,Oceania,2015,65.37,4278.0,"10,985"
Mauritania,MRT,Africa,2015,66.5,5970.0,"3,965,959"
Saint Vincent and the Grenadines,VCT,North America,2015,70.46,14509.0,"106,975"
Zambia,ZMB,Africa,2020,63.36,3392.0,"19,059,394"
Zimbabwe,ZWE,Africa,2015,58.99,5103.0,"14,399,008"
Saint Barthelemy,BLM,North America,2015,82.97,,"9,617"
Cameroon,CMR,Africa,2010,56.97,4287.0,"19,668,063"
Faroe Islands,FRO,Europe ,2010,78.73,51480.0,"48,191"
Latvia,LVA,Europe,2015,74.66,30600.0,"1,977,874"
Argentina,ARG,South America,2020,75.88,23877.0,"45,191,960"
Zimbabwe,ZWE,Africa,2010,51.93,3885.0,"13,356,551"
East Timor,TLS,Asia,2020,66.92,6595.0,"1,326,051"
Serbia,SRB,Europe,2015,75.65,18248.0,"7,177,257"
Belize,BLZ,North America,2020,71.58,10045.0,"390,819"
Tokelau,TKL,Oceania,2015,75.71,,"1,719"
Haiti,HTI,North America,2020,63.77,3211.0,"11,243,846"
Cuba,CUB,North America,2015,77.75,,"11,275,069"
Ghana,GHA,Africa,2015,63.17,5607.0,"28,696,071"
Botswana,BWA,Africa,2015,63.22,15995.0,"2,203,276"
Taiwan,TWN,Asia,2020,81.11,,"23,663,461"
Gabon,GAB,Africa,2015,66.34,20148.0,"2,040,990"
India,IND,Asia,2020,70.16,7187.0,"1,402,617,694"
Benin,BEN,Africa,2015,59.12,2952.0,"11,360,681"
Estonia,EST,Europe,2015,77.67,36353.0,"1,314,580"
Equatorial Guinea,GNQ,Africa,2010,58.34,33669.0,"1,189,097"
Bonaire Sint Eustatius and Saba,BES,NORTH AMERICA,2020,77.21,,"26,476"
United Arab Emirates,ARE,Asia,2015,82.08,75239.0,"8,674,633"
Peru,PER,South America,2010,72.89,12057.0,"29,086,021"
Macao,MAC,Asia,2015,82.94,123194.0,"622,185"
Central African Republic,CAF,Africa,2015,51.93,1044.0,"4,629,322"
Nauru,NRU,Oceania,2020,61.53,11306.0,"11,665"
Costa Rica,CRI,North America,2010,79.35,18670.0,"4,555,965"
Burkina Faso,BFA,Africa,2015,58.78,2102.0,"18,777,488"
Peru,PER,South America,2015,75.73,14541.0,"30,457,598"
Laos,LAO,Asia,2010,63.69,4946.0,"6,334,198"
Central African Republic,CAF,Africa,2020,50.6,1137.0,"5,026,629"
Falkland Islands,FLK,South America,2010,77.73,,"3,218"
Egypt,EGY,Africa,2015,70.13,13426.0,"99,597,334"
Slovakia,SVK,Europe,2015,76.65,33508.0,"5,420,278"
Monaco,MCO,Europe,2020,86.09,,"38,074"
Tonga,TON,Oceania,2020,72.38,6981.0,"105,721"
United Arab Emirates,ARE,Asia,2020,81.94,66809.0,"9,448,529"
Comoros,COM,Africa,2020,65.76,3447.0,"802,172"
Ethiopia,ETH,Africa ,2010,59.71,1381.0,"90,538,518"
New Caledonia,NCL,Oceania,2010,75.99,,"261,580"
Libya,LBY,Africa,2010,72.2,21116.0,"6,497,837"
Colombia,COL,south america,2010,-1.0,14037.0,"44,777,325"
Norway,NOR,Europe,2020,83.2,89012.0,"5,379,275"
Afghanistan,AFG,Asia,2010,60.7,2849.0,"28,284,088"
Germany,DEU,EUROPE,2010,80.08,54826.0,"80,830,916"
Cayman Islands,CYM,North America,2020,79.23,72183.0,"68,703"
Madagascar,MDG,Africa,2010,62.6,1635.0,"22,183,343"
United States,USA,North America,2020,77.01,n/a,"339,436,156"
Italy,ITA,Europe,2020,82.18,45505.0,"59,912,763"
Rwanda,RWA,Africa,2020,66.95,2618.0,"13,065,838"
Micronesia (country),FSM,Oceania,2015,65.31,3739.0,"108,727"
Kenya,KEN,Africa,2015,622.8,4680.0,"47,088,528"
Suriname,SUR,South America,2010,69.63,22772.0,"549,931"
Anguilla,AIA,North America,2020,78.66,..,"14,864"
Aruba,ABW,North America,2010,74.3,34038.0,"100,127"
Guadeloupe,GLP,North America,2015,81.27,,"403,950"
North Korea,PRK,Asia,2015,-1.0,,"25,575,355"
Argentina,ARG,South America,2015,76.6,28669.0,"43,477,011"
Lesotho,LSO,Africa,2015,51.83,2987.0,"2,104,614"
Nicaragua,NIC,North America,2010,71.76,5701.0,"5,737,451"
Montenegro,MNE,Europe,2015,76.59,21132.0,"628,145"
Greece,GRC,Europe,2020,81.54,30487.0,"10,699,370"
Malta,MLT,Europe,2010,81.4,..,"422,654"
Saint Martin (French part),MAF,North America,2010,78.75,,"36,875"
Somalia,SOM,Africa,2020,57.09,1396.0,"16,651,200"
Czechia,CZE,Europe,2020,78.24,45120.0,"10,550,129"
Niger,NER,Africa,2015,58.85,1480.0,"19,939,496"
Greece,GRC,Europe,2015,80.79,31348.0,"10,820,902"
Ukraine,UKR,Europe,2020,73.28,17093.0,"44,680,008"
Bahrain,BHR,Asia,2020,78.68,53814.0,"1,483,081"
San Marino,SMR,Europe,2020,82.65,55998.0,"34,796"
El Salvador,SLV,North America,2015,70.95,9646.0,"6,183,675"
Spain,ESP,Europe,2020,82.24,41553.0,"47,679,482"
Kuwait,KWT,Asia,2015,79.22,57764.0,"3,834,465"
Romania,ROU,Europe,2020,74.05,35284.0,"19,392,467"
Vietnam,VNM,Asia,2010,73.61,7275.0,"87,455,148"
Anguilla,AIA,North America,2015,77.74,,"14,235"
Brazil,BRA,South America,2010,73.78,..,"193,701,931"
Dominica,DMA,North America,2020,71.27,14920.0,"67,588"
Central African Republic,CAF,Africa,2010,46.87,1479.0,"4,493,003"
Canada,CAN,North America,2010,81.34,52558.0,"34,196,900"
Grenada,GRD,North America,2010,74.73,13355.0,"111,600"
Malawi,MWI,Africa,2010,57.79,1504.0,"14,826,466"
United States,USA,North America,2015,78.72,64368.0,"326,126,496"
Dominican Republic,DOM,North America,2015,72.98,17973.0,"10,434,826"
Monaco,MCO,Europe,2010,84.64,,"33,188"
Oman,OMN,Asia,2010,77.18,48192.0,"2,757,450"
El Salvador,SLV,North America,2020,70.24,9692.0,"6,234,679"
Luxembourg,LUX,Europe,2015,81.26,130097.0,"569,540"
Belize,BLZ,North America,2015,71.65,n/a,"356,341"
Poland,POL,Europe,2010,-1.0,27112.0,"38,095,356"
Curacao,CUW,North America,2010,75.12,33005.0,"156,881"
Guatemala,GTM,North America,2015,-1.0,10786.0,"15,971,745"
Saint Helena,SHN,Africa,2010,76.51,,"5,352"
Jamaica,JAM,North America,2015,72.21,9932.0,"2,802,536"
Austria,AUT,Europe,2020,81.8,60276.0,"8,921,402"
Malta,MLT,Europe,2020,82.34,50390.0,"518,212"
Ghana,GHA,Africa,2020,64.31,6413.0,"31,887,802"
Myanmar,MMR,Asia,2020,66.61,5927.0,"53,016,525"
Mozambique,MOZ,Africa,2010,55.04,1224.0,"22,999,234"
Belarus,BLR,Europe,2010,70.5,24013.0,"9,490,752"
Uzbekistan,UZB,Asia,2020,71.46,9145.0,"33,586,373"
Zambia,ZMB,Africa,2010,56.9,3267.0,"13,965,592"
El Salvador,SLV,North America,2010,70.91,8649.0,"6,068,253"
Netherlands,NLD,Europe,2015,81.49,63081.0,"17,107,429"
Russia,RUS,Europe,2010,68.15,33064.0,"143,934,468"
Belarus,BLR,Europe,2020,72.27,26731.0,"9,350,943"
Liberia,LBR,Africa,2010,59.36,1539.0,"4,058,897"
Bermuda,BMU,North America,2020,81.46,88485.0,"64,404"
Myanmar,MMR,Asia,2015,65.29,5314.0,"51,089,060"
Laos,LAO,Asia,2015,66.69,6704.0,"6,801,647"
Cambodia,KHM,Asia,2015,69.4,4969.0,"15,623,253"
North Macedonia,MKD,Europe,2015,75.63,19215.0,"1,980,366"
Togo,TGO,Africa,2020,61.12,2861.0,"7,788,058"
French Polynesia,PYF,Oceania,2010,81.14,,"270,590"
Albania,ALB,Europe,2020,-1.0,16458.0,"2,871,950"
Slovakia,SVK,Europe,2010,75.5,29746.0,"5,391,857"
Panama,PAN,North America,2015,77.58,29933.0,"3,960,034"
Saint Pierre and Miquelon,SPM,North America,2010,76.35,,"6,047"
Guam,GUM,Oceania,2015,76.44,,"164,914"
Kenya,KEN,Africa,2010,60.91,4212.0,"41,598,570"
Algeria,DZA,Africa,2015,75.16,15240.0,"40,019,528"
Hungary,HUN,Europe,2010,74.52,27802.0,"9,979,128"
Singapore,SGP,Asia,2020,83.66,116684.0,"5,620,151"
Cyprus,CYP,Europe,2015,81.46,37258.0,"1,219,504"
Moldova,MDA,Europe,2010,69.88,9650.0,"3,631,990"
Nepal,NPL,Asia,2010,66.77,3085.0,"27,341,955"
United Kingdom,GBR,Europe,2010,80.39,47683.0,"63,006,482"
Tajikistan,TJK,Asia,2010,68.37,..,"7,652,144"
Hong Kong,HKG,Asia,2010,82.86,56355.0,"7,101,614"
New Zealand,NZL,Oceania,2015,81.59,45097.0,"4,614,035"
Azerbaijan,AZE,Asia,2015,72.35,20679.0,"9,752,859"
Malaysia,MYS,Asia,2015,-1.0,27700.0,"31,232,796"
Saint Martin (French part),MAF,North America,2015,79.83,,"37,386"
Saudi Arabia,SAU,Asia,2010,75.62,54912.0,"25,157,134"
South Africa,ZAF,Africa,2010,58.89,14165.0,"52,344,047"
Morocco,MAR,Africa,2010,70.82,7211.0,"32,467,009"
Bulgaria,BGR,Europe,2015,74.62,24563.0,"7,177,515"
Guinea,GIN,Africa,2015,57.9,2870.0,"11,767,077"
Moldova,MDA,Europe,2020,69.91,13559.0,"3,069,135"
Fiji,FJI,Oceania,2015,66.48,11674.0,"918,585"
Sudan,SDN,Africa,2015,64.37,4159.0,"40,024,433"
Sint Maarten (Dutch part),SXM,North America,2020,75.0,39266.0,"41,027"
Panama,PAN,North America,2020,76.33,26882.0,"4,293,258"
Chile,CHL,South America,2015,80.01,27818.0,"18,047,630"
Sri Lanka,LKA,asia,2010,74.46,9832.0,"20,879,092"
Jersey,JEY,Europe,2020,79.45,,"103,138"
Serbia,SRB,Europe,2020,74.51,21479.0,"6,907,814"
Guam,GUM,Oceania,2020,75.53,,"162,167"
Poland,POL,Europe,2015,77.59,31700.0,"38,266,314"
North Macedonia,MKD,Europe,2020,74.47,20971.0,"1,872,021"
Mongolia,MNG,Asia,2015,69.24,13975.0,"2,976,528"
Nauru,NRU,Oceania,2010,60.07,6909.0,"10,067"
Georgia,GEO,Asia,2020,73.51,17031.0,"3,795,680"
Palau,PLW,Oceania,2020,68.69,18509.0,"17,817"
Aruba,ABW,North America,2020,75.41,30409.0,"107,411"
French Polynesia,PYF,Oceania,2020,82.46,,"279,218"
American Samoa,ASM,Oceania,2010,72.59,,"55,246"
South Africa,ZAF,Africa,2020,65.15,13251.0,"60,562,374"
United Kingdom,GBR,Europe,2015,80.92,50463.0,"65,382,107"
Croatia,HRV,Europe,2020,77.5,32493.0,"3,953,956"
Dominican Republic,DOM,North America,2010,72.04,14975.0,"9,820,180"
Algeria,DZA,Africa,2020,73.26,14194.0,"44,042,094"
Niger,NER,Africa,2020,59.89,1622.0,"23,717,615"
Tanzania,TZA,Africa,2015,63.93,3111.0,"52,020,958"
Tajikistan,TJK,Asia,2015,69.66,n/a,"8,643,839"
Turks and Caicos Islands,TCA,North America,2015,77.32,17202.0,"36,632"
Estonia,EST,Europe,2010,75.88,30068.0,"1,331,450"
Turkmenistan,TKM,Asia,2015,69.06,12927.0,"6,215,773"
Honduras,HND,North America,2020,70.86,5603.0,"10,119,638"
Guatemala,GTM,North America,2010,-1.0,9825.0,"14,500,118"
Botswana,BWA,Africa,2010,59.14,14545.0,"2,033,110"
Guinea,GIN,Africa,2020,59.35,3631.0,"13,371,185"
Guinea,GIN,Africa,2010,56.43,..,"10,396,090"
Venezuela,VEN,South America,2020,72.37,,"28,444,080"
Saint Kitts and Nevis,KNA,North America,2010,71.45,24998.0,"46,871"
Djibouti,DJI,Africa,2015,62.83,4962.0,"1,020,316"
Finland,FIN,Europe,2015,81.38,52782.0,"5,479,719"
Andorra,AND,EUROPE,2020,79.42,55488.0,"77,397"
Kiribati,KIR,Oceania,2020,65.2,2839.0,"126,110"
Reunion,REU,Africa,2020,82.58,,"861,452"
Palestine,PSE,asia,2020,75.0,5424.0,"5,069,692"
Gibraltar,GIB,Europe,2020,83.07,,"36,198"
Nicaragua,NIC,North America,2020,70.77,6523.0,"6,565,267"
Trinidad and Tobago,TTO,North America,2010,71.81,35145.0,"1,386,657"
Ecuador,ECU,South America,2010,75.19,11666.0,"15,076,697"
Iceland,ISL,Europe,2010,81.59,57225.0,"318,163"
Ukraine,UKR,Europe,2015,72.69,15404.0,"45,784,904"
Saint Helena,SHN,Africa,2015,75.2,,"5,529"
Faroe Islands,FRO,Europe,2015,79.43,64010.0,"48,916"
Cook Islands,COK,Oceania,2015,74.02,,"17,471"
Georgia,GEO,Asia,2015,73.24,14937.0,"3,791,570"
Cook Islands,COK,Oceania,2010,72.75,,"17,000"
Finland,FIN,Europe,2020,81.82,55425.0,"5,529,616"
Senegal,SEN,Africa,2015,66.45,3594.0,"14,593,335"
Fiji,FJI,Oceania,2010,66.78,9784.0,"910,427"
Australia,AUS,Oceania,2020,83.66,57260.0,"25,743,787"
Montserrat,MSR,North America,2015,75.13,,"4,693"
Austria,AUT,Europe,2015,81.16,60952.0,"8,644,037"
Tunisia,TUN,Africa ,2015,74.87,12803.0,"11,402,270"
Wallis and Futuna,WLF,Oceania,2015,77.45,,"12,185"
Bahrain,BHR,Asia,2010,78.59,50705.0,"1,213,248"
Solomon Islands,SLB,Oceania,2015,69.32,2665.0,"639,423"
Rwanda,RWA,Africa,2010,62.8,1847.0,"10,317,560"
Mauritius,MUS,Africa,2020,74.66,22273.0,"1,283,231"
Bhutan,BTN,Asia,2010,68.76,9985.0,"701,638"
Netherlands,NLD,Europe,2020,81.39,..,"17,636,732"
Ireland,IRL,Europe,2020,82.39,101793.0,"4,982,602"
Qatar,QAT,Asia,2010,79.44,132502.0,"1,709,238"
United States Virgin Islands,VIR,North America,2010,73.24,59272.0,"106,325"
Turkey,TUR,Asia,2010,74.96,19897.0,"73,346,766"
Gambia,GMB,Africa,2020,64.42,2702.0,"2,515,744"
Cameroon,CMR,Africa,2020,61.67,4763.0,"26,210,566"
Sri Lanka,LKA,Asia,2015,75.99,13330.0,"21,729,975"
Nicaragua,NIC,North America,2015,72.9,6939.0,"6,149,417"
Albania,ALB,Europe,2015,78.36,13877.0,"2,898,634"
Bolivia,BOL,South America,2010,66.0,9230.0,"10,182,345"
Guinea-Bissau,GNB,Africa,2020,61.34,2456.0,"2,013,259"
Somalia,SOM,Africa,2010,48.9,995.0,"12,261,761"
Martinique,MTQ,North America,2015,82.03,,"383,737"
Gambia,GMB,Africa,2015,62.97,2496.0,"2,224,530"
Cayman Islands,CYM,North America,2010,76.07,76295.0,"54,120"
Suriname,SUR,South America,2015,70.57,23328.0,"581,634"
Eritrea,ERI,Africa,2020,66.98,,"3,291,277"
Vietnam,VNM,Asia,2020,75.38,11851.0,"98,079,196"
Sierra Leone,SLE,Africa,2010,51.93,2460.0,"6,222,715"
Greece,GRC,Europe,2010,80.57,37567.0,"11,124,666"
China,CHN,Asia,2010,75.67,10476.0,"1,351,561,505"
Morocco,MAR,Africa,2015,72.89,n/a,"34,607,590"
Kiribati,KIR,Oceania,2010,65.86,2120.0,"108,717"
Nauru,NRU,OCEANIA,2015,60.9,11272.0,"10,975"
United States Virgin Islands,VIR,North America ,2020,74.71,45056.0,"87,724"
Tokelau,TKL,Oceania,2020,76.62,,"2,152"
Paraguay,PRY,South America,2010,72.55,12737.0,"5,737,973"
Saint Lucia,LCA,North America,2010,72.77,20649.0,"170,921"
Thailand,THA,Asia,2010,75.01,16732.0,"68,579,443"
Samoa,WSM,Oceania,2020,70.73,6746.0,"211,957"
Northern Mariana Islands,MNP,Oceania,2015,77.36,,"51,538"
French Polynesia,PYF,Oceania,2015,82.34,,"277,877"
Israel,ISR,Asia,2015,82.25,40890.0,"8,052,916"
Suriname,SUR,South America,2020,72.32,19091.0,"612,320"
Saint Helena,SHN,Africa,2020,76.89,,"5,451"
Niue,NIU,Oceania,2015,68.61,,"1,803"
Australia,AUS,Oceania,2010,82.01,52739.0,"22,141,583"
Yemen,YEM,Asia,2020,66.44,,"36,134,867"
Mexico,MEX,North America,2020,70.45,19728.0,"126,799,053"
Uruguay,URY,South America,2015,77.28,28942.0,"3,368,022"
Brazil,BRA,South America,2020,74.51,17328.0,"208,660,845"
United Kingdom,GBR,Europe,2010,80.39,47683.0,"63,006,482"
Lesotho,LSO,africa,2010,46.04,2651.0,"1,996,256"
Somalia,SOM,Africa,2015,55.06,1344.0,"13,806,969"
Kuwait,KWT,Asia,2020,78.25,49373.0,"4,400,146"
Guadeloupe,GLP,North America,2020,80.65,,"407,401"
Malaysia,MYS,Asia,2020,76.06,29200.0,"33,889,554"
Sweden,SWE,Europe,2020,82.43,n/a,"10,353,682"
Slovenia,SVN,Europe,2015,80.5,38535.0,"2,059,946"
British Virgin Islands,VGB,North America,2020,76.89,,"37,161"
Wallis and Futuna,WLF,Oceania,2020,78.16,,"11,640"
Liechtenstein,LIE,Europe,2010,82.05,,"36,021"
Bangladesh,BGD,Asia,2020,71.42,7015.0,"166,298,024"
Maldives,MDV,Asia,2010,76.76,16730.0,"360,802"
Cyprus,CYP,Europe,2010,80.63,42102.0,"1,127,826"
Cyprus,CYP,Europe,2020,81.23,43402.0,"1,302,250"
South Korea,KOR,Asia,2015,82.54,..,"50,983,909"
Tonga,TON,Oceania,2010,71.32,5489.0,"107,415"
San Marino,SMR,Europe,2015,84.6,59648.0,"33,927"
Jordan,JOR,Asia,2010,73.8,11943.0,"7,297,046"
Falkland Islands,FLK,South America,2015,78.43,,"3,432"
Kyrgyzstan,KGZ,Asia,2020,69.14,5538.0,"6,664,143"
Saint Vincent and the Grenadines,VCT,North America,2010,70.66,13176.0,"109,974"
Czechia,CZE,Europe,2015,78.56,42067.0,"10,524,418"
Trinidad and Tobago,TTO,North America,2015,72.88,38964.0,"1,429,190"
Taiwan,TWN,Asia,2010,79.04,,"23,224,049"
Greenland,GRL,North America,2015,70.23,63364.0,"56,048"
Iraq,IRQ,Asia,2015,69.98,13516.0,"37,560,535"
Barbados,BRB,North America,2015,76.05,19642.0,"278,999"
Sweden,SWE,Europe,2015,82.18,58956.0,"9,799,483"
Mauritius,MUS,Africa,2015,74.67,22499.0,"1,292,283"
Nepal,NPL,Asia,2020,69.11,4413.0,"28,966,580"
Reunion,REU,Africa,2010,80.47,,"844,480"
Sri Lanka,LKA,Asia,2020,76.93,13887.0,"22,561,808"
Denmark,DNK,europe,2020,81.55,65379.0,"5,831,529"
Djibouti,DJI,Africa,2020,64.2,5791.0,"1,105,193"
Seychelles,SYC,Africa,2020,74.09,30056.0,"120,299"
Mongolia,MNG,Asia,2010,67.1,n/a,"2,701,739"
Pakistan,PAK,Asia,2010,64.38,4229.0,"199,239,048"
Guyana,GUY,South America,2010,66.2,10374.0,"749,259"
Uruguay,URY,South America,2020,78.38,27788.0,"3,398,966"
Monaco,MCO,Europe,2015,85.32,,"36,785"
Vietnam,VNM,Asia,2015,73.96,9248.0,"92,823,254"
Iran,IRN,Asia,2015,75.91,14842.0,"82,619,365"
Malaysia,MYS,Asia,2010,75.38,..,"28,655,772"
Singapore,SGP,Asia,2010,81.65,96280.0,"5,077,020"
Bulgaria,BGR,Europe,2020,73.6,28521.0,"6,933,656"
Oman,OMN,Asia,2020,77.76,37561.0,"4,522,502"
Vanuatu,VUT,Oceania,2010,69.57,3826.0,"238,256"
Puerto Rico,PRI,North America,2015,80.68,41738.0,"3,521,811"
Georgia,GEO,Asia,2010,71.73,11294.0,"3,895,932"
Burundi,BDI,Africa,2020,62.57,1028.0,"12,617,041"
Isle of Man,IMN,Europe,2010,79.61,,"83,884"
Gambia,GMB,Africa,2010,61.17,2824.0,"1,926,634"
Morocco,MAR,Africa,2020,73.13,8055.0,"36,584,208"
Barbados,BRB,North America,2020,76.65,16400.0,"281,706"
Papua New Guinea,PNG,Oceania,2015,64.47,n/a,"8,743,247"
Iran,IRN,Asia,2020,74.14,15382.0,"87,723,448"
New Caledonia,NCL,Oceania,2020,77.05,,"284,187"
Kenya,KEN,Africa,2020,61.6,5057.0,"52,217,327"
Philippines,PHL,Asia,2010,68.88,6273.0,"96,337,127"
Kazakhstan,KAZ,Asia,2015,72.02,30894.0,"18,084,175"
Trinidad and Tobago,TTO,North America,2020,72.64,30721.0,"1,481,026"
Switzerland,CHE,Europe,2020,83.06,79271.0,"8,640,582"
Nigeria,NGA,Africa,2020,53.07,7664.0,"213,996,185"
Turkey,TUR,Asia,2015,76.54,25985.0,"80,014,222"
Bonaire Sint Eustatius and Saba,BES,North America,2015,77.75,,"24,638"
Mali,MLI,Africa,2010,55.99,2632.0,"15,945,201"
Russia,RUS,Europe,2020,-1.0,36376.0,"146,371,295"
Syria,SYR,Asia,2015,63.27,5415.0,"19,424,615"
Gabon,GAB,Africa,2010,64.71,18531.0,"1,719,883"
Luxembourg,LUX,Europe,2010,80.1,131434.0,"507,418"
Mali,MLI,Africa,2015,57.85,2687.0,"18,593,022"
South Korea,KOR,Asia,2010,80.72,39574.0,"48,769,329"
Chad,TCD,Africa,2020,53.08,2513.0,"17,224,686"
Democratic Republic of Congo,COD,Africa,2010,56.41,1167.0,"68,563,038"
Maldives,MDV,Asia,2015,78.61,18829.0,"428,165"
Bonaire Sint Eustatius and Saba,BES,North America,2010,76.74,..,"20,583"
Colombia,COL,South America,2015,76.07,16821.0,"46,969,938"
Slovakia,SVK,Europe,2020,76.86,36201.0,"5,455,028"
Liechtenstein,LIE,Europe,2020,82.04,,"38,793"
Switzerland,CHE,EUROPE,2015,82.85,78326.0,"8,283,940"
Tunisia,TUN,Africa,2020,75.0,11956.0,"11,974,058"
Northern Mariana Islands,MNP,Oceania,2020,78.03,,"47,557"
Pakistan,PAK,Asia,2020,65.7,..,"235,001,745"
Angola,AGO,Africa,2010,57.24,11074.0,"23,294,822"
New Caledonia,NCL,Oceania,2010,75.99,,"261,580"
Macao,MAC,Asia,2010,81.66,130758.0,"562,809"
Comoros,COM,Africa,2010,62.75,3227.0,"654,846"
Turks and Caicos Islands,TCA,North America,2010,76.78,17000.0,"29,763"
Eswatini,SWZ,Africa,2020,59.86,9696.0,"1,192,734"
Philippines,PHL,Asia,2015,69.45,7692.0,"105,312,988"
Tanzania,TZA,Africa,2010,61.13,2655.0,"44,758,491"
Vatican,VAT,Europe,2010,81.54,,629
Puerto Rico,PRI,North America,2010,78.72,..,"3,714,834"
Nigeria,NGA,Africa,2010,51.31,7963.0,"166,642,888"
Guam,GUM,Oceania,2010,76.1,,"166,533"
Kyrgyzstan,KGZ,Asia,2010,67.52,..,"5,491,763"
Ecuador,ECU,South America,2015,76.22,13882.0,"16,266,229"
Montenegro,MNE,Europe,2020,75.85,20905.0,"607,934"
Bangladesh,BGD,Asia,2015,70.54,5353.0,"159,383,179"
Mayotte,MYT,Africa,2015,76.88,,"245,594"
Saint Pierre and Miquelon,SPM,NORTH AMERICA,2020,76.62,,"5,852"
Vatican,VAT,Europe,2020,82.99,,536
Equatorial Guinea,GNQ,Africa,2020,62.14,n/a,"1,716,479"
Dominica,DMA,North America,2015,69.97,16921.0,"70,429"
Armenia,ARM,Asia,2015,74.23,13113.0,"2,921,179"
Senegal,SEN,Africa,2010,64.22,3404.0,"12,635,418"
